{"page":88,"width":1305,"height":1826,"lines":[{"text":"ei ie ee ee","confidence":50.2,"x":0.22835,"y":0.10186,"width":0.46743,"height":0.0011}]}