{"page":86,"width":1305,"height":1826,"lines":[{"text":"My name card","confidence":96.3,"x":0.28506,"y":0.10734,"width":0.40843,"height":0.04272},{"text":"Se","confidence":42.6,"x":0.7364,"y":0.17689,"width":0.01992,"height":0.00164},{"text":"Seo","confidence":43.7,"x":0.78084,"y":0.36035,"width":0.05057,"height":0.00164},{"text":"Ch ad)","confidence":47.3,"x":0.57548,"y":0.5356,"width":0.33027,"height":0.01533}]}