{"page":5,"width":1305,"height":1826,"lines":[{"text":"ga","confidence":85.5,"x":0.17471,"y":0.1057,"width":0.52337,"height":0.32366}]}