{"page":91,"width":1305,"height":1826,"lines":[{"text":"BED","confidence":48.0,"x":0.11034,"y":0.88773,"width":0.04981,"height":0.01095},{"text":"ai","confidence":73.3,"x":0.20077,"y":0.89321,"width":0.00613,"height":0.00493}]}