{"page":21,"width":1305,"height":1826,"lines":[{"text":"A new classmate","confidence":96.3,"x":0.1364,"y":0.14239,"width":0.27126,"height":0.02081},{"text":"(Hello, 'm Mike Brown.","confidence":79.6,"x":0.22222,"y":0.20263,"width":0.29119,"height":0.03395},{"text":"Hi, Mike. rm Yang Ling.","confidence":88.6,"x":0.57471,"y":0.23877,"width":0.28736,"height":0.04326},{"text":"Nice5110112165522164585.930023t211100018150918855-1311110018150918855-1411111018150918855-15111111181509109480.000000ome5111112302513675195.815727you,21120004746287465-131121004746287465-141121104746287465-15112111474628746539.392925oH211300095962921458-1311310095962921458-1411311095962921458-15113111959629635096.916161Nice51131121028630374953.449226651131131077630774916.245789meet5113114116563685167.465553I211400094970014250-1311410094970014250-1411411094970014250-15114111949700142500.000000geutan.211500038067082120-1311510038067086120-1411511038067082120-15115111380670821200.00000021160007337188069-131161007337188069-141161107337188069-15116111733718806947.78957421170007517883043-131171007517883043-141171107517883043-15117111751788304336.740742iC21180008918093453-131181008918093453-141181108918093453-15118111891809345323.092209iI21190007538306663-131191007538306663-141191107538306663-15119111753830666358.884869Diy212000014299929878-1312010014299931478-1412011014299929878-151201111421052172593.43061125120112215102752062.71818951201132311000867179.925705Hello.51201143309991107261.472946What's2121000215107720362-13121100215107720362-14121110215107720362-151211112151077876222.134232eur512111231510801035330.896927nea?2122000687116910291-13122100687116910291-14122110687116910291-151221116871169102911.519661)2123000859120825657-13123100823120829257-14123110859120825657-151231118231232172048.957973J5123112859120848500.000000'm51231139161208945796.737282Wang512311410201208955770.983963Bing.2124000541118610486-13124100541118610486-14124110541118610486-1512411154111861048667.689789te?212500072512554033-1312510072512554033-1412511072512554033-15125111725125540330.000000212600057612654234-1312610057612654234-1412611057612654234-151261115761265423446.423004x212700080413412730-1312710080413412730-1412711080413412730-151271118041341273082.370628A2128000531135368113-13128100531135368113-14128110531135368113-1512811153113536811357.817780.2129000715140413085-13129100715140413085-14129110715140413085-1512911171514041308535.758476213000080114907130-1313010080114907130-1413011080114907130-15130111801149071300.000000IBiaus213100041215209258-1313110041215209258-1413111041215209258-151311114121520925854.329620213200058816073768-1313210058816073768-1413211058816073768-151321115881607314822.120850CN51321127491593362825.309151MLR5132113810159366280.000000NLRC513211490716075757.922653NT2133000582160338267-13133100582160340267-14133110582160338267-15133111582162254650.168377I51331126071624693093.050797Note51331136901623994190.947502English51331148031633992295.655006names.51331159131603516779.852600See21340008517153125-131341008517153125-141341108517153125-15134111851715312596.28630120","confidence":47.9,"x":0.05517,"y":0.28806,"width":0.08123,"height":0.01698}]}