{"page":35,"width":1305,"height":1826,"lines":[{"text":"eee","confidence":43.9,"x":0.60077,"y":0.0,"width":0.19234,"height":0.05312},{"text":"time","confidence":48.7,"x":0.34253,"y":0.06298,"width":0.07663,"height":0.06572},{"text":"Where's my paper plane?","confidence":94.9,"x":0.1364,"y":0.14184,"width":0.4046,"height":0.02464},{"text":"lJ","confidence":42.6,"x":0.33027,"y":0.21358,"width":0.01303,"height":0.02464}]}