{"page":90,"width":1305,"height":1826,"lines":[{"text":"oe","confidence":44.9,"x":0.29655,"y":0.65498,"width":0.01609,"height":0.00329},{"text":"ane","confidence":52.8,"x":0.11111,"y":0.88828,"width":0.01379,"height":0.00986}]}