{"page":89,"width":1305,"height":1826,"lines":[{"text":"PE Be","confidence":61.2,"x":0.41609,"y":0.95345,"width":0.08199,"height":0.03888}]}