{"page":2,"width":1305,"height":1826,"lines":[{"text":"Ht","confidence":50.9,"x":0.57011,"y":0.47919,"width":0.03678,"height":0.03724},{"text":"PF PR","confidence":57.0,"x":0.46054,"y":0.931,"width":0.04061,"height":0.023}]}