{"page":86,"width":1305,"height":1826,"lines":[{"text":"ae","confidence":57.6,"x":0.36858,"y":0.1287,"width":0.10421,"height":0.05476},{"text":"Di","confidence":42.8,"x":0.15096,"y":0.14677,"width":0.17088,"height":0.03888},{"text":"iC","confidence":64.5,"x":0.61839,"y":0.20318,"width":0.03755,"height":0.02464},{"text":"sh","confidence":57.3,"x":0.59387,"y":0.29628,"width":0.07816,"height":0.01369}]}