{"page":87,"width":1305,"height":1826,"lines":[{"text":"PE BK","confidence":59.6,"x":0.41762,"y":0.9529,"width":0.07816,"height":0.03943}]}