{"page":63,"width":1305,"height":1826,"lines":[{"text":"At the zoo","confidence":90.9,"x":0.1364,"y":0.14184,"width":0.16398,"height":0.02081},{"text":"tigers.","confidence":96.5,"x":0.38544,"y":0.33516,"width":0.07356,"height":0.02355},{"text":"cool.","confidence":94.9,"x":0.42069,"y":0.36199,"width":0.05517,"height":0.01479}]}