{"page":90,"width":1305,"height":1826,"lines":[{"text":"KS","confidence":56.4,"x":0.19617,"y":0.67306,"width":0.02452,"height":0.01807}]}