{"page":5,"width":1305,"height":1826,"lines":[{"text":"al","confidence":50.1,"x":0.29962,"y":0.0,"width":0.38697,"height":0.07503},{"text":"Characters","confidence":96.9,"x":0.08352,"y":0.08269,"width":0.24981,"height":0.02957},{"text":"we","confidence":62.5,"x":0.06667,"y":0.45126,"width":0.49272,"height":0.30449}]}