{"page":84,"width":1305,"height":1826,"lines":[{"text":"ee eee ee","confidence":47.7,"x":0.46667,"y":0.08598,"width":0.26207,"height":0.00164},{"text":"If","confidence":60.1,"x":0.75249,"y":0.59529,"width":0.06284,"height":0.06079},{"text":"ane","confidence":55.6,"x":0.25441,"y":0.72125,"width":0.1931,"height":0.05038},{"text":"Se ee eee","confidence":46.9,"x":0.4659,"y":0.91676,"width":0.26284,"height":0.0011}]}