{"page":2,"width":1305,"height":1826,"lines":[{"text":"tas,","confidence":45.1,"x":0.14253,"y":0.18182,"width":0.65747,"height":0.23658}]}