{"page":33,"width":1305,"height":1826,"lines":[{"text":"out","confidence":96.3,"x":0.50958,"y":0.08872,"width":0.09502,"height":0.03231}]}