{"page":103,"width":1198,"height":1676,"lines":[{"text":"QD)","confidence":58.7,"x":0.35309,"y":0.95346,"width":0.04758,"height":0.04057}]}