{"page":106,"width":1170,"height":1672,"lines":[{"text":"ny","confidence":47.3,"x":0.14701,"y":0.85586,"width":0.00684,"height":0.00598},{"text":"ae","confidence":44.5,"x":0.21966,"y":0.875,"width":0.01368,"height":0.01914}]}