{"page":55,"width":1197,"height":1676,"lines":[{"text":"Play a gam","confidence":94.3,"x":0.09858,"y":0.16229,"width":0.15455,"height":0.02625},{"text":"ae I","confidence":49.8,"x":0.56892,"y":0.20764,"width":0.11111,"height":0.04893},{"text":"wey","confidence":52.5,"x":0.44528,"y":0.29714,"width":0.41353,"height":0.13484}]}