{"page":21,"width":1197,"height":1676,"lines":[{"text":"Read and order","confidence":96.6,"x":0.09858,"y":0.10501,"width":0.21637,"height":0.01671}]}