{"page":105,"width":1197,"height":1676,"lines":[{"text":"PK","confidence":48.4,"x":0.46533,"y":0.95286,"width":0.0284,"height":0.03998}]}