{"page":102,"width":1197,"height":1676,"lines":[{"text":"photo","confidence":96.8,"x":0.47368,"y":0.18198,"width":0.07018,"height":0.0185},{"text":"photo","confidence":97.0,"x":0.47368,"y":0.58353,"width":0.07018,"height":0.0185}]}