{"page":24,"width":1197,"height":1676,"lines":[{"text":"sound time","confidence":96.8,"x":0.20718,"y":0.10442,"width":0.20635,"height":0.02148},{"text":"The New Year is nearly here.","confidence":96.6,"x":0.28989,"y":0.16229,"width":0.35088,"height":0.0185},{"text":"e Let's cheer together, my dear!","confidence":91.5,"x":0.11696,"y":0.18914,"width":0.53968,"height":0.04117},{"text":"dear","confidence":96.9,"x":0.16541,"y":0.29594,"width":0.05514,"height":0.01492}]}