{"page":106,"width":1172,"height":1680,"lines":[{"text":"ISBN","confidence":86.8,"x":0.72952,"y":0.79167,"width":0.02645,"height":0.00536}]}