{"page":102,"width":1198,"height":1676,"lines":[{"text":"om","confidence":52.2,"x":0.12354,"y":0.63962,"width":0.03172,"height":0.00597}]}