{"page":85,"width":1305,"height":1826,"lines":[{"text":"GY) PE BK","confidence":49.7,"x":0.35326,"y":0.95619,"width":0.14176,"height":0.04053}]}