{"page":2,"width":1305,"height":1826,"lines":[{"text":"Ty AE","confidence":44.7,"x":0.39923,"y":0.46605,"width":0.0682,"height":0.05093},{"text":"hie E","confidence":67.1,"x":0.5295,"y":0.93209,"width":0.04521,"height":0.02136}]}