{"page":89,"width":1305,"height":1826,"lines":[{"text":"by","confidence":72.3,"x":0.16552,"y":0.8494,"width":0.02759,"height":0.01862}]}