{"page":5,"width":1305,"height":1826,"lines":[{"text":"ga","confidence":83.0,"x":0.17471,"y":0.1057,"width":0.52337,"height":0.32366},{"text":"ae","confidence":47.8,"x":0.06667,"y":0.45126,"width":0.49272,"height":0.30504}]}