{"page":102,"width":1197,"height":1676,"lines":[{"text":"pete ath","confidence":47.2,"x":0.82874,"y":0.23866,"width":0.03759,"height":0.01671}]}